datetime,demand,price
2023-01-01,24189.979166666668,12.89689645833333
2023-01-02,27005.520833333332,9.37665327083334
2023-01-03,29646.3125,16.351104437500002
2023-01-04,27967.145833333332,4.808878041666666
2023-01-05,29392.5,11.922312770833337
2023-01-06,28316.125,10.243243958333334
2023-01-07,25280.9375,8.725011208333331
2023-01-08,26629.479166666668,11.390061874999999
2023-01-09,30403.104166666668,15.1893698125
2023-01-10,31143.895833333332,14.176166666666665
2023-01-11,29849.6875,11.2938325
2023-01-12,30083.520833333332,11.161167416666668
2023-01-13,29244.958333333332,15.205521645833329
2023-01-14,26709.229166666668,11.129915395833333
2023-01-15,27734.791666666668,13.153629229166663
2023-01-16,33672.125,12.432959104166667
2023-01-17,35442.354166666664,15.740563416666665
2023-01-18,34685.1875,16.87987541666667
2023-01-19,34829.125,17.169869916666666
2023-01-20,34210.4375,15.606929250000002
2023-01-21,31438.791666666668,15.645269916666669
2023-01-22,31328.208333333332,13.61225
2023-01-23,35039.020833333336,14.513380083333335
2023-01-24,35124.4375,14.2884175
2023-01-25,34792.0625,17.876042770833333
2023-01-26,34143.208333333336,16.622611645833334
2023-01-27,34123.4375,15.702125
2023-01-28,31320.104166666668,15.092083333333335
2023-01-29,27744.083333333332,8.8794375
2023-01-30,30565.104166666668,14.767188333333333
2023-01-31,29862.583333333332,15.068958333333333
2023-02-01,30107.75,13.818780520833332
2023-02-02,29771.333333333332,13.724233083333335
2023-02-03,29484.666666666668,14.219979166666667
2023-02-04,27871.833333333332,12.0233790625
2023-02-05,28041.354166666668,12.761911895833334
2023-02-06,31858.375,16.74749041666666
2023-02-07,32794.770833333336,16.615524604166666
2023-02-08,31780.875,14.892198395833333
2023-02-09,31520.083333333332,14.581060770833329
2023-02-10,31042.5,13.780625000000004
2023-02-11,28143.729166666668,16.41764439583333
2023-02-12,28129.0,15.200401104166668
2023-02-13,30433.229166666668,14.694086708333334
2023-02-14,31021.354166666668,18.142523916666665
2023-02-15,30010.9375,14.323833124999998
2023-02-16,30374.583333333332,11.154958333333333
2023-02-17,27381.6875,10.071821208333333
2023-02-18,25304.541666666668,10.867791666666667
2023-02-19,24233.145833333332,10.320895833333333
2023-02-20,27629.854166666668,9.829595604166666
2023-02-21,30124.020833333332,14.544999791666665
2023-02-22,30365.375,13.286459166666665
2023-02-23,30447.0,12.790270833333334
2023-02-24,30149.270833333332,12.884875520833333
2023-02-25,27893.229166666668,13.766583812499999
2023-02-26,27702.270833333332,11.827674416666666
2023-02-27,32134.333333333332,15.58035297916667
2023-02-28,32316.395833333332,12.628591875000001
2023-03-01,31967.583333333332,12.1847368125
2023-03-02,31807.916666666668,13.104284666666667
2023-03-03,32557.0,17.45193820833334
2023-03-04,29705.354166666668,16.00734825
2023-03-05,29436.0,14.945625333333334
2023-03-06,32192.5,14.150414520833333
2023-03-07,32505.833333333332,23.8180623125
2023-03-08,34467.25,15.484583333333333
2023-03-09,34015.1875,15.777239770833333
2023-03-10,32245.479166666668,13.68691666666667
2023-03-11,29414.270833333332,13.006645833333334
2023-03-12,25847.333333333332,11.391348854166667
2023-03-13,27563.395833333332,10.414158812500004
2023-03-14,29775.354166666668,17.932562645833332
2023-03-15,32105.791666666668,13.362152499999999
2023-03-16,29395.645833333332,12.201459166666666
2023-03-17,28545.375,14.324916020833333
2023-03-18,25855.708333333332,10.5151875
2023-03-19,24941.708333333332,11.813626583333335
2023-03-20,29426.875,16.3295
2023-03-21,27189.479166666668,9.804416166666666
2023-03-22,25517.416666666668,8.717082354166667
2023-03-23,26422.416666666668,8.84296202083333
2023-03-24,25533.3125,2.043022937499997
2023-03-25,24140.416666666668,6.520062500000002
2023-03-26,26073.369565217392,13.235603347826089
2023-03-27,28696.479166666668,9.054020229166667
2023-03-28,30133.979166666668,13.093734104166666
2023-03-29,29147.708333333332,12.517507375000001
2023-03-30,26565.333333333332,10.9292574375
2023-03-31,27523.125,11.181157416666666
2023-04-01,25677.854166666668,11.370595104166668
2023-04-02,24590.395833333332,13.997459979166667
2023-04-03,26785.625,10.700146104166667
2023-04-04,26604.291666666668,10.089437499999999
2023-04-05,28788.895833333332,10.116875
2023-04-06,26325.145833333332,9.230808791666666
2023-04-07,23369.604166666668,8.6765203125
2023-04-08,22333.0,11.058454645833333
2023-04-09,21418.020833333332,6.080690958333333
2023-04-10,21682.291666666668,-0.9337055833333331
2023-04-11,25165.3125,7.6320940833333335
2023-04-12,26211.8125,10.31425
2023-04-13,25790.520833333332,10.190479999999999
2023-04-14,28561.541666666668,10.113304541666666
2023-04-15,24640.0625,9.789917291666665
2023-04-16,24568.875,11.474648395833334
2023-04-17,27269.645833333332,14.2343961875
2023-04-18,25842.25,10.584338104166667
2023-04-19,25252.583333333332,8.974172479166665
2023-04-20,24183.6875,9.969979833333333
2023-04-21,26604.3125,10.767083333333332
2023-04-22,24350.083333333332,9.531375958333333
2023-04-23,24254.125,10.860583333333333
2023-04-24,27806.979166666668,9.440479166666666
2023-04-25,27287.208333333332,8.663446354166664
2023-04-26,28512.625,8.8938545625
2023-04-27,28515.0625,10.064272166666667
2023-04-28,27099.145833333332,12.574012895833333
2023-04-29,23288.541666666668,10.1916988125
2023-04-30,22860.541666666668,9.1288125
2023-05-01,22914.958333333332,9.057500000000001
2023-05-02,25997.270833333332,9.641540020833334
2023-05-03,24128.708333333332,7.525782749999999
2023-05-04,23962.708333333332,6.325271083333334
2023-05-05,24915.6875,8.928483625000002
2023-05-06,23618.604166666668,9.455729166666668
2023-05-07,21408.604166666668,7.793270833333334
2023-05-08,22966.416666666668,9.711856020833334
2023-05-09,25525.5625,9.089654
2023-05-10,24995.708333333332,8.374418020833334
2023-05-11,25283.9375,9.3768335625
2023-05-12,24770.708333333332,8.696708333333333
2023-05-13,21975.520833333332,10.768435333333336
2023-05-14,21121.020833333332,9.117854937499999
2023-05-15,22879.5,7.936729166666666
2023-05-16,24164.270833333332,6.487814479166667
2023-05-17,25023.958333333332,6.505162416666667
2023-05-18,24293.375,6.7956887916666675
2023-05-19,24584.333333333332,8.469979687499999
2023-05-20,19932.145833333332,5.492312395833332
2023-05-21,19689.166666666668,7.369415520833333
2023-05-22,22650.270833333332,8.001333145833334
2023-05-23,23575.6875,6.501354979166668
2023-05-24,22494.166666666668,5.672950270833334
2023-05-25,23577.229166666668,7.214437916666668
2023-05-26,22230.625,6.080382729166667
2023-05-27,18872.166666666668,3.8705658124999998
2023-05-28,18846.666666666668,3.6693293958333326
2023-05-29,19032.770833333332,2.6499901041666667
2023-05-30,22430.416666666668,8.713657770833333
2023-05-31,23409.979166666668,7.496515083333335
2023-06-01,22907.0625,7.185416666666667
2023-06-02,21421.645833333332,5.131782666666667
2023-06-03,18828.291666666668,6.655220125
2023-06-04,18681.4375,7.462151166666667
2023-06-05,22691.875,7.821965895833334
2023-06-06,23936.395833333332,10.3619234375
2023-06-07,23022.5625,6.704844041666668
2023-06-08,21826.770833333332,6.673577854166668
2023-06-09,21394.6875,8.135312500000001
2023-06-10,20107.770833333332,9.268833270833333
2023-06-11,20743.791666666668,13.155504562499996
2023-06-12,24144.479166666668,13.620263708333335
2023-06-13,23095.666666666668,9.450500020833335
2023-06-14,22927.5,9.776322020833334
2023-06-15,23338.979166666668,10.699749437500003
2023-06-16,22983.5,9.524951249999999
2023-06-17,21205.770833333332,9.4349736875
2023-06-18,21191.104166666668,9.530375562500002
2023-06-19,22804.145833333332,8.448280833333333
2023-06-20,25312.479166666668,10.152756166666666
2023-06-21,23610.833333333332,9.324978250000004
2023-06-22,24225.708333333332,9.893067916666666
2023-06-23,23344.270833333332,9.098957333333335
2023-06-24,20488.958333333332,10.3133114375
2023-06-25,19656.458333333332,10.706956145833333
2023-06-26,22029.895833333332,8.499687645833333
2023-06-27,24670.833333333332,8.474901041666666
2023-06-28,25245.020833333332,10.960644666666667
2023-06-29,23164.208333333332,8.358604166666666
2023-06-30,23466.895833333332,6.712283375
2023-07-01,18466.833333333332,0.08836639583333401
2023-07-02,17714.729166666668,-0.4899556041666656
2023-07-03,21194.0625,2.3512258750000004
2023-07-04,23979.1875,8.689562979166666
2023-07-05,22934.895833333332,7.0612633958333335
2023-07-06,22478.166666666668,8.822187916666667
2023-07-07,21323.729166666668,5.706464958333333
2023-07-08,21559.1875,9.969000395833334
2023-07-09,20361.145833333332,9.9170625
2023-07-10,23119.645833333332,9.051312958333334
2023-07-11,23212.479166666668,8.931269395833333
2023-07-12,22407.854166666668,8.978848458333333
2023-07-13,23374.833333333332,6.305702604166666
2023-07-14,24028.625,7.398270833333333
2023-07-15,18780.333333333332,3.749246041666667
2023-07-16,17970.4375,2.6043134791666676
2023-07-17,22086.6875,4.606342333333332
2023-07-18,24255.020833333332,8.394353708333334
2023-07-19,23706.583333333332,8.821727833333332
2023-07-20,23434.333333333332,9.335375270833335
2023-07-21,23050.083333333332,7.971222958333334
2023-07-22,21398.770833333332,7.207128750000001
2023-07-23,19421.916666666668,1.5542204166666673
2023-07-24,23286.854166666668,10.979656250000001
2023-07-25,22797.4375,8.518333208333335
2023-07-26,23122.1875,8.567800458333334
2023-07-27,24076.041666666668,8.743767583333334
2023-07-28,22926.708333333332,8.2012594375
2023-07-29,18209.145833333332,6.138022270833334
2023-07-30,19081.333333333332,5.459464229166666
2023-07-31,23180.729166666668,6.772896041666667
2023-08-01,22746.833333333332,6.609583333333333
2023-08-02,22979.4375,6.813687250000001
2023-08-03,22583.770833333332,9.399583208333334
2023-08-04,22690.104166666668,7.925938
2023-08-05,21168.958333333332,6.306045854166666
2023-08-06,19489.041666666668,7.772836854166665
2023-08-07,21856.416666666668,6.0287085625
2023-08-08,23460.625,6.379333604166668
2023-08-09,23132.729166666668,7.4812455208333315
2023-08-10,23485.833333333332,9.636036166666667
2023-08-11,21833.916666666668,6.546011666666667
2023-08-12,19464.6875,7.302995645833333
2023-08-13,19824.916666666668,7.6147084791666675
2023-08-14,23723.833333333332,9.441584395833333
2023-08-15,23513.020833333332,9.457389875
2023-08-16,23874.916666666668,8.131948666666664
2023-08-17,23181.354166666668,6.976223166666666
2023-08-18,23313.583333333332,6.257589854166667
2023-08-19,18695.6875,4.15478875
2023-08-20,19472.416666666668,8.280814166666666
2023-08-21,22161.916666666668,9.898657916666668
2023-08-22,22444.791666666668,9.160151145833334
2023-08-23,23981.333333333332,9.515881770833333
2023-08-24,24378.833333333332,9.647895770833333
2023-08-25,23185.291666666668,8.296714916666668
2023-08-26,20615.208333333332,6.988771208333333
2023-08-27,20137.104166666668,6.971551020833333
2023-08-28,20964.395833333332,9.842377958333334
2023-08-29,23687.375,8.461414166666668
2023-08-30,23333.083333333332,8.210395833333333
2023-08-31,24972.8125,8.014687562499997
2023-09-01,24129.5,10.151268666666667
2023-09-02,21237.5625,8.240300999999999
2023-09-03,20072.958333333332,6.649764541666667
2023-09-04,23880.25,8.0575625
2023-09-05,24770.8125,8.457655395833333
2023-09-06,25927.354166666668,8.555812499999998
2023-09-07,25925.916666666668,8.682602750000001
2023-09-08,25713.604166666668,10.593232041666667
2023-09-09,22874.208333333332,10.104771625000001
2023-09-10,23430.5,9.422887500000002
2023-09-11,25479.208333333332,9.045009395833334
2023-09-12,26065.6875,8.919661125
2023-09-13,24345.791666666668,7.784128416666666
2023-09-14,24401.583333333332,8.178518562499999
2023-09-15,24633.0,9.599814958333333
2023-09-16,22186.395833333332,8.5165625
2023-09-17,22254.3125,9.426322104166667
2023-09-18,23905.083333333332,6.996605416666668
2023-09-19,24521.583333333332,5.344729999999998
2023-09-20,24362.8125,7.110733020833334
2023-09-21,24795.0625,6.137165041666667
2023-09-22,24317.020833333332,7.886220062499996
2023-09-23,21920.125,7.754035416666667
2023-09-24,20508.1875,0.20991614583333323
2023-09-25,22903.75,2.5719748333333357
2023-09-26,24677.3125,9.218550916666667
2023-09-27,25380.520833333332,9.54808375
2023-09-28,24510.333333333332,10.318000000000007
2023-09-29,22552.270833333332,7.767416666666665
2023-09-30,22460.354166666668,10.345332583333334
2023-10-01,22688.0625,8.158364604166668
2023-10-02,26218.583333333332,8.013772125
2023-10-03,23956.354166666668,3.562978729166667
2023-10-04,24350.6875,6.812908229166666
2023-10-05,25148.229166666668,4.9854905625
2023-10-06,23404.0625,1.8956644791666677
2023-10-07,21807.375,5.668638083333334
2023-10-08,21540.875,7.711309666666668
2023-10-09,25105.604166666668,8.964473083333333
2023-10-10,24320.6875,10.07675
2023-10-11,25308.9375,8.787833333333335
2023-10-12,27120.375,11.424973583333331
2023-10-13,25184.125,8.524990208333332
2023-10-14,21708.104166666668,3.209731437499999
2023-10-15,23212.708333333332,7.203677770833333
2023-10-16,28631.729166666668,11.820035770833332
2023-10-17,26742.583333333332,8.585520833333334
2023-10-18,26403.708333333332,10.870084041666667
2023-10-19,26598.875,9.506340333333332
2023-10-20,26205.041666666668,9.99683204166666
2023-10-21,24563.6875,11.590778083333333
2023-10-22,23743.666666666668,14.250854166666667
2023-10-23,27593.104166666668,13.595707645833334
2023-10-24,28330.625,13.765611562500002
2023-10-25,28684.083333333332,12.2894816875
2023-10-26,28666.583333333332,10.863083541666667
2023-10-27,27565.854166666668,11.835562499999998
2023-10-28,24742.6875,12.463145833333332
2023-10-29,24419.75,8.777120759999999
2023-10-30,27836.32,9.916020833333324
2023-10-31,29240.708333333332,9.839879104166666
2023-11-01,28037.25,7.6298793125000035
2023-11-02,29034.291666666668,7.8247843541666615
2023-11-03,28177.604166666668,8.563961687499994
2023-11-04,27362.1875,9.824750354166667
2023-11-05,25774.916666666668,9.513375
2023-11-06,28918.833333333332,6.9938335416666675
2023-11-07,29387.1875,10.135146208333333
2023-11-08,29899.75,9.792436812499998
2023-11-09,30452.458333333332,8.425208541666667
2023-11-10,30491.208333333332,6.770229166666665
2023-11-11,27782.208333333332,7.882512833333337
2023-11-12,28316.041666666668,9.714671458333333
2023-11-13,28161.895833333332,7.993562499999999
2023-11-14,29903.645833333332,8.110164541666668
2023-11-15,29841.0625,10.512607666666666
2023-11-16,32573.395833333332,11.809744958333336
2023-11-17,30875.395833333332,9.607228437500002
2023-11-18,26044.708333333332,8.853939604166666
2023-11-19,25380.125,6.9738122083333325
2023-11-20,29515.125,9.563272125000001
2023-11-21,30822.166666666668,9.3392391875
2023-11-22,29876.979166666668,8.832854375
2023-11-23,27921.270833333332,5.5450958749999995
2023-11-24,29420.5,7.907532770833329
2023-11-25,29906.958333333332,8.822
2023-11-26,30793.270833333332,9.444089895833333
2023-11-27,32639.5,9.649745916666667
2023-11-28,33215.854166666664,11.189646270833334
2023-11-29,34665.0625,10.527687499999999
2023-11-30,35367.125,13.572008770833332
2023-12-01,36019.0625,12.056647895833333
2023-12-02,33826.9375,15.190806166666665
2023-12-03,33309.6875,10.019395833333329
2023-12-04,34835.229166666664,9.965750062499998
2023-12-05,35294.6875,9.9784110625
2023-12-06,35108.6875,11.729187645833331
2023-12-07,33659.1875,10.280077458333334
2023-12-08,32151.479166666668,8.876387541666668
2023-12-09,28241.979166666668,5.038955104166668
2023-12-10,28660.9375,8.610333624999999
2023-12-11,32227.541666666668,8.149595208333336
2023-12-12,32514.604166666668,8.158821229166666
2023-12-13,33237.0,7.863083333333333
2023-12-14,33542.458333333336,8.679248895833334
2023-12-15,31783.979166666668,7.302341812500001
2023-12-16,27283.1875,5.838765208333333
2023-12-17,26337.4375,6.754417083333334
2023-12-18,30152.895833333332,6.515251375000001
2023-12-19,30776.520833333332,6.316417895833331
2023-12-20,29479.104166666668,3.100986270833333
2023-12-21,27904.6875,4.413045791666667
2023-12-22,26637.291666666668,5.238231812500001
2023-12-23,24224.354166666668,3.6689470625000005
2023-12-24,22971.854166666668,0.6155416666666682
2023-12-25,22775.75,3.5492283333333328
2023-12-26,23795.979166666668,5.255792979166665
2023-12-27,25385.958333333332,4.107667500000001
2023-12-28,25081.229166666668,1.7693323125000007
2023-12-29,26254.895833333332,6.596598208333331
2023-12-30,26518.4375,5.366707812499998
2023-12-31,25700.729166666668,3.2016103958333337
2024-01-01,25270.1875,6.220039312500001
2024-01-02,29282.125,3.97101504166667
2024-01-03,30733.4375,7.815915833333331
2024-01-04,32170.625,7.209298645833333
2024-01-05,32196.083333333332,7.840348812499999
2024-01-06,29717.125,7.978405291666666
2024-01-07,30667.854166666668,8.937547062499998
2024-01-08,35312.75,8.093181666666666
2024-01-09,34623.75,6.529152229166667
2024-01-10,34561.104166666664,8.9684379375
2024-01-11,34720.104166666664,9.257937770833333
2024-01-12,34819.75,10.677376104166665
2024-01-13,31265.125,8.657059291666666
2024-01-14,30774.291666666668,8.868851916666666
2024-01-15,34972.604166666664,8.3605765
2024-01-16,36320.395833333336,8.630104937499999
2024-01-17,37011.625,7.464346333333333
2024-01-18,36743.25,8.740925520833333
2024-01-19,34868.125,7.5110145416666665
2024-01-20,29799.541666666668,7.974041666666667
2024-01-21,27934.125,7.902791666666667
2024-01-22,30080.666666666668,7.090446458333334
2024-01-23,31669.270833333332,5.313979166666667
2024-01-24,30493.8125,4.714707791666666
2024-01-25,31169.791666666668,6.928328729166665
2024-01-26,28675.770833333332,5.105630854166667
2024-01-27,28169.25,4.724135354166666
2024-01-28,27034.208333333332,6.445700791666665
2024-01-29,31759.708333333332,8.616079020833334
2024-01-30,31879.041666666668,5.758206458333333
2024-01-31,31378.416666666668,5.799357208333333
2024-02-01,31315.0,5.339309979166666
2024-02-02,28845.708333333332,5.091329833333335
2024-02-03,25840.770833333332,3.263690895833333
2024-02-04,25246.4375,3.113952375
2024-02-05,28632.208333333332,5.268982020833334
2024-02-06,29431.395833333332,5.401979375000002
2024-02-07,33116.3125,7.0537850833333335
2024-02-08,32825.229166666664,6.7810784791666645
2024-02-09,31042.291666666668,5.348997020833333
2024-02-10,28594.458333333332,7.1053874583333325
2024-02-11,27996.125,6.252047416666667
2024-02-12,29320.833333333332,6.2815002291666655
2024-02-13,31827.770833333332,6.305995416666667
2024-02-14,30909.708333333332,5.5439278125
2024-02-15,29400.208333333332,5.587292083333333
2024-02-16,28844.3125,6.895798729166667
2024-02-17,26685.9375,6.222151229166666
2024-02-18,25572.958333333332,5.169604166666668
2024-02-19,28103.979166666668,4.568558333333331
2024-02-20,28581.354166666668,4.798604166666666
2024-02-21,29503.75,5.049382020833333
2024-02-22,30594.125,7.047739312500002
2024-02-23,30962.5625,5.8742501250000005
2024-02-24,29028.583333333332,7.304156479166667
2024-02-25,28598.1875,6.049512416666665
2024-02-26,31314.666666666668,5.486370604166668
2024-02-27,31939.375,5.632894
2024-02-28,31472.208333333332,6.659291666666666
2024-02-29,30709.916666666668,6.373064708333333
2024-03-01,31261.145833333332,7.9773364791666665
2024-03-02,29603.0,6.2748024583333315
2024-03-03,28658.979166666668,5.941066229166667
2024-03-04,30915.979166666668,6.540227729166668
2024-03-05,31362.375,6.838069250000001
2024-03-06,31121.854166666668,6.97546975
2024-03-07,30933.104166666668,6.988969104166666
2024-03-08,28575.166666666668,7.402041187500002
2024-03-09,26243.020833333332,6.960617833333333
2024-03-10,27339.8125,6.199041666666667
2024-03-11,32304.104166666668,8.331714416666665
2024-03-12,31147.520833333332,6.6904064375
2024-03-13,28170.645833333332,6.195385604166667
2024-03-14,28907.1875,7.516544125000001
2024-03-15,27308.208333333332,3.9741223749999994
2024-03-16,26481.479166666668,6.704469666666666
2024-03-17,25590.166666666668,7.1665088541666675
2024-03-18,27231.375,6.1286725833333335
2024-03-19,27568.3125,6.635285854166666
2024-03-20,28990.916666666668,8.246044999999999
2024-03-21,27043.6875,6.1666239166666665
2024-03-22,25949.416666666668,4.001310395833334
2024-03-23,22848.708333333332,0.37024122916666646
2024-03-24,23923.083333333332,3.8821858333333354
2024-03-25,29342.5625,7.027848125
2024-03-26,28847.895833333332,6.846494666666667
2024-03-27,28054.270833333332,6.196479729166666
2024-03-28,27897.083333333332,7.263045020833334
2024-03-29,24597.166666666668,8.397021791666667
2024-03-30,23127.041666666668,7.224900291666667
2024-03-31,23438.17391304348,6.366941978260869
2024-04-01,23873.458333333332,6.796694770833334
2024-04-02,27509.1875,6.124434895833334
2024-04-03,27190.25,6.461020979166667
2024-04-04,27808.833333333332,5.2672083333333335
2024-04-05,24448.416666666668,3.407751374999999
2024-04-06,20943.208333333332,2.4843457916666667
2024-04-07,20307.520833333332,1.0298522708333326
2024-04-08,26016.916666666668,5.2686598333333325
2024-04-09,26207.541666666668,1.9431464374999998
2024-04-10,27443.458333333332,4.798597895833335
2024-04-11,25528.416666666668,4.730837916666665
2024-04-12,23615.208333333332,1.580666666666667
2024-04-13,21056.25,-0.1124273125000002
2024-04-14,21133.541666666668,0.7097712499999986
2024-04-15,23956.979166666668,1.7250971666666672
2024-04-16,25538.020833333332,5.0793455625
2024-04-17,26340.270833333332,7.683657375
2024-04-18,26210.729166666668,5.611061499999999
2024-04-19,25356.5625,4.393923520833333
2024-04-20,23774.1875,6.927019895833334
2024-04-21,23745.4375,4.6110528749999995
2024-04-22,28830.9375,7.507061916666666
2024-04-23,27585.0625,6.862293145833334
2024-04-24,27303.645833333332,7.5380736875
2024-04-25,28572.416666666668,6.909609583333333
2024-04-26,27492.333333333332,6.902042083333333
2024-04-27,25609.5,8.108915249999999
2024-04-28,24109.166666666668,5.5225659375
2024-04-29,24598.3125,5.817912020833333
2024-04-30,24223.0,5.442861916666667
2024-05-01,26058.229166666668,7.527249875
2024-05-02,25177.416666666668,6.036001479166667
2024-05-03,26198.479166666668,7.322974291666666
2024-05-04,22221.583333333332,7.735972104166666
2024-05-05,21925.083333333332,7.283723604166665
2024-05-06,23055.375,7.416353291666667
2024-05-07,24530.083333333332,6.5407955
2024-05-08,23959.104166666668,6.464427645833334
2024-05-09,23330.166666666668,6.629771687499999
2024-05-10,22996.854166666668,6.677349333333334
2024-05-11,19810.416666666668,4.7130879583333325
2024-05-12,19770.5625,3.320569729166663
2024-05-13,23310.145833333332,9.171107229166667
2024-05-14,24517.25,7.689485791666667
2024-05-15,24224.791666666668,7.908229166666667
2024-05-16,25419.3125,7.552250000000001
2024-05-17,23530.708333333332,6.489558541666666
2024-05-18,21502.5625,7.4685045625
2024-05-19,19498.979166666668,7.503844541666666
2024-05-20,22900.291666666668,8.171889041666669
2024-05-21,25088.291666666668,8.499874625
2024-05-22,25399.875,6.997895833333334
2024-05-23,23846.104166666668,8.261045895833337
2024-05-24,24585.479166666668,9.8614173125
2024-05-25,20707.0625,6.546070562500001
2024-05-26,20165.020833333332,7.496995375
2024-05-27,19933.75,5.719217729166667
2024-05-28,24262.333333333332,8.392077145833333
2024-05-29,23136.125,6.3877202708333325
2024-05-30,23010.3125,7.096312916666667
2024-05-31,22674.291666666668,8.353959145833333
2024-06-01,20491.604166666668,8.702029270833332
2024-06-02,18768.958333333332,4.527543208333334
2024-06-03,23469.041666666668,8.791725354166667
2024-06-04,23398.75,6.598295229166666
2024-06-05,21873.25,2.9130838124999996
2024-06-06,22948.666666666668,4.551113250000001
2024-06-07,22025.5625,4.007406229166667
2024-06-08,19203.479166666668,3.097133041666667
2024-06-09,19691.895833333332,5.120293916666667
2024-06-10,22529.375,5.0778669375000005
2024-06-11,24413.770833333332,8.075833749999997
2024-06-12,25031.833333333332,8.579684437500001
2024-06-13,24530.541666666668,8.498694625
2024-06-14,23034.729166666668,8.908422333333332
2024-06-15,21354.5625,9.613734083333332
2024-06-16,19909.25,1.9359435208333338
2024-06-17,23019.395833333332,10.167727520833333
2024-06-18,23779.291666666668,8.505847395833333
2024-06-19,23043.666666666668,7.7701345208333334
2024-06-20,22952.833333333332,8.048601291666667
2024-06-21,21725.270833333332,8.784697479166665
2024-06-22,19933.0625,7.2142295
2024-06-23,20552.770833333332,7.382734729166667
2024-06-24,24146.75,8.356904958333335
2024-06-25,24223.395833333332,8.218488166666665
2024-06-26,23949.1875,9.30563635416667
2024-06-27,21380.145833333332,5.790148270833333
2024-06-28,20677.208333333332,3.996110604166668
2024-06-29,20114.9375,6.369584145833333
2024-06-30,20919.0625,8.468458604166667
2024-07-01,23642.270833333332,8.400950875
2024-07-02,23695.8125,7.586655020833332
2024-07-03,23809.25,7.1532593958333335
2024-07-04,20643.041666666668,2.2117871041666666
2024-07-05,23019.708333333332,4.10380725
2024-07-06,20287.895833333332,5.6318666250000025
2024-07-07,20376.4375,5.272060374999998
2024-07-08,23905.729166666668,7.029084895833333
2024-07-09,24873.541666666668,8.296583375
2024-07-10,23698.25,6.928553666666668
2024-07-11,24069.583333333332,7.879865687499999
2024-07-12,24108.458333333332,6.121421708333333
2024-07-13,21493.1875,6.7180419375
2024-07-14,20907.645833333332,5.360938104166666
2024-07-15,24946.604166666668,7.9355581041666685
2024-07-16,24591.666666666668,9.0031189375
2024-07-17,23535.8125,7.5232755
2024-07-18,23240.479166666668,6.411882479166667
2024-07-19,22911.041666666668,6.560088375000001
2024-07-20,22578.166666666668,6.474084854166667
2024-07-21,20230.0625,7.032240416666667
2024-07-22,23546.645833333332,8.543282062500001
2024-07-23,23924.458333333332,9.916948999999999
2024-07-24,24134.729166666668,8.028355229166667
2024-07-25,24642.333333333332,7.572075
2024-07-26,22062.145833333332,6.435262937500002
2024-07-27,20439.5625,6.681560895833334
2024-07-28,19239.875,7.601451479166667
2024-07-29,22167.145833333332,7.162920229166668
2024-07-30,23038.958333333332,7.2312193124999995
2024-07-31,23752.145833333332,7.161242583333333
2024-08-01,24140.416666666668,8.785736833333333
2024-08-02,22917.291666666668,8.038637833333333
2024-08-03,20438.666666666668,7.201300750000003
2024-08-04,19836.0,3.8026568958333327
2024-08-05,22590.916666666668,5.31012575
2024-08-06,22988.291666666668,6.374831291666669
2024-08-07,22265.625,4.864208729166666
2024-08-08,23437.479166666668,7.7197499999999994
2024-08-09,20093.666666666668,1.707563125
2024-08-10,20090.291666666668,1.736503645833333
2024-08-11,19422.708333333332,5.827145000000001
2024-08-12,23204.145833333332,5.918262812499998
2024-08-13,22974.1875,7.8678543749999985
2024-08-14,23956.9375,7.189524083333334
2024-08-15,22883.958333333332,4.974770416666667
2024-08-16,21799.770833333332,7.136769062499999
2024-08-17,20141.25,7.999082708333333
2024-08-18,19005.270833333332,5.4652852916666665
2024-08-19,23018.041666666668,8.154993208333334
2024-08-20,21371.104166666668,5.0765505
2024-08-21,22027.729166666668,0.8153686041666667
2024-08-22,22269.375,1.5171192708333343
2024-08-23,20421.916666666668,2.8389268541666652
2024-08-24,20416.375,1.8160951041666664
2024-08-25,18114.5625,0.5608167291666668
2024-08-26,20168.166666666668,7.331333479166668
2024-08-27,22399.416666666668,6.141285666666665
2024-08-28,24107.895833333332,8.720720520833332
2024-08-29,22769.5,8.297625208333333
2024-08-30,22729.5,8.401445479166666
2024-08-31,20675.104166666668,7.8666481458333335
2024-09-01,21559.520833333332,6.230793375
2024-09-02,26083.1875,9.055270250000001
2024-09-03,25221.145833333332,8.254761229166666
2024-09-04,25028.375,8.169478125
2024-09-05,25208.229166666668,8.019025395833335
2024-09-06,24617.958333333332,9.401241895833333
2024-09-07,23565.854166666668,9.340403583333334
2024-09-08,22848.270833333332,9.0533153125
2024-09-09,23681.375,7.547562770833333
2024-09-10,23424.270833333332,7.1672884166666675
2024-09-11,23274.833333333332,5.293124333333334
2024-09-12,24923.895833333332,5.7185505416666675
2024-09-13,24662.9375,6.944495145833334
2024-09-14,20072.208333333332,2.1215933541666643
2024-09-15,21980.916666666668,8.077145958333334
2024-09-16,24081.9375,9.209559062500002
2024-09-17,24157.416666666668,7.754544687499999
2024-09-18,24223.875,8.2210584375
2024-09-19,24344.125,8.883952854166667
2024-09-20,24653.458333333332,8.180904333333334
2024-09-21,22069.020833333332,9.645769499999998
2024-09-22,23389.083333333332,9.875788666666667
2024-09-23,27053.145833333332,8.208594187500001
2024-09-24,26599.166666666668,8.772951333333333
2024-09-25,27064.333333333332,8.059875
2024-09-26,25446.166666666668,7.942724791666666
2024-09-27,24732.3125,6.098437354166667
2024-09-28,23803.708333333332,6.617648541666665
2024-09-29,24031.0,8.4360529375
2024-09-30,27426.6875,6.5019406874999985
2024-10-01,27282.458333333332,9.04054127083333
2024-10-02,26984.854166666668,9.534459708333333
2024-10-03,26782.5,7.392181541666668
2024-10-04,26059.458333333332,8.740462520833333
2024-10-05,22654.875,7.347065833333334
2024-10-06,24747.395833333332,8.968978312500003
2024-10-07,26757.625,6.668770979166666
2024-10-08,27500.083333333332,7.068866645833333
2024-10-09,26536.104166666668,6.6965020625
2024-10-10,27670.5,8.512854479166666
2024-10-11,27035.25,7.516465687499999
2024-10-12,24406.166666666668,7.6438749999999995
2024-10-13,26150.833333333332,8.82841666666666
2024-10-14,29523.791666666668,15.715708187499995
2024-10-15,28937.875,9.121896041666668
2024-10-16,28729.416666666668,8.417479208333333
2024-10-17,26453.958333333332,8.874812979166666
2024-10-18,25904.354166666668,7.768279916666666
2024-10-19,24033.0,8.621069625
2024-10-20,22816.3125,3.382415541666667
2024-10-21,26911.916666666668,6.335005958333331
2024-10-22,27591.729166666668,6.649519791666667
2024-10-23,27883.854166666668,8.583721833333334
2024-10-24,27144.895833333332,8.928958770833335
2024-10-25,28179.875,10.381556666666665
2024-10-26,24933.375,8.618309479166667
2024-10-27,23823.041666666668,4.093301240000001
2024-10-28,27923.26,7.604068312499999
2024-10-29,28897.541666666668,8.932472
2024-10-30,29304.1875,8.863975895833333
2024-10-31,27965.291666666668,7.975054041666665
2024-11-01,28475.6875,9.25534025
2024-11-02,26679.875,8.264680312500001
2024-11-03,27183.4375,9.112561458333333
2024-11-04,30629.354166666668,9.1135244375
2024-11-05,30827.354166666668,11.048603416666666
2024-11-06,30921.229166666668,9.579780166666668
2024-11-07,30431.3125,8.839346229166667
2024-11-08,30668.520833333332,10.0665384375
2024-11-09,28877.020833333332,8.994177270833333
2024-11-10,27490.770833333332,8.325633770833333
2024-11-11,30027.0625,10.366723875000002
2024-11-12,31359.916666666668,9.9255438125
2024-11-13,30991.208333333332,10.133747166666668
2024-11-14,31399.333333333332,9.013579020833333
2024-11-15,30435.041666666668,9.243371708333333
2024-11-16,27550.6875,8.356932479166668
2024-11-17,27842.041666666668,8.824158937500002
2024-11-18,32899.25,9.594421229166667
2024-11-19,33982.979166666664,9.719321104166667
2024-11-20,34461.625,9.835208333333332
2024-11-21,35804.75,10.312536333333334
2024-11-22,34252.75,11.3240426875
2024-11-23,29314.625,7.080243270833333
2024-11-24,25857.0625,3.5852667291666664
2024-11-25,28799.166666666668,8.602666791666667
2024-11-26,32438.520833333332,11.979313333333334
2024-11-27,34369.833333333336,10.163566041666666
2024-11-28,34445.083333333336,10.909326666666667
2024-11-29,31540.895833333332,10.028289333333333
2024-11-30,27487.4375,10.06430525
2024-12-01,27127.0,9.582796645833332
2024-12-02,31288.333333333332,9.2861658125
2024-12-03,34013.791666666664,11.599563458333334
2024-12-04,33088.4375,12.506322999999998
2024-12-05,30897.416666666668,9.257221187499999
2024-12-06,31017.916666666668,6.693622562499999
2024-12-07,28659.645833333332,6.430824583333333
2024-12-08,28096.8125,5.859959854166665
2024-12-09,32826.458333333336,9.6104994375
2024-12-10,34550.3125,11.58019475
2024-12-11,35178.270833333336,15.031051583333333
2024-12-12,34804.9375,17.49321941666667
2024-12-13,34217.708333333336,11.722191270833331
2024-12-14,29746.583333333332,7.423216583333334
2024-12-15,27359.8125,5.41475225
2024-12-16,30174.270833333332,8.476187625
2024-12-17,31306.958333333332,8.78616547916667
2024-12-18,29689.9375,5.579276708333332
2024-12-19,31233.6875,4.716611708333334
2024-12-20,31473.458333333332,6.755712395833333
2024-12-21,26751.1875,0.9958129166666667
2024-12-22,26376.458333333332,5.105466604166667
2024-12-23,30792.458333333332,7.518592166666669
2024-12-24,27442.895833333332,10.126105833333334
2024-12-25,24570.229166666668,8.436764895833331
2024-12-26,25268.020833333332,10.2770625
2024-12-27,28691.895833333332,11.579540395833334
2024-12-28,28329.416666666668,9.920742375
2024-12-29,26133.604166666668,9.608968270833333
2024-12-30,26732.645833333332,7.270309125
2024-12-31,25260.770833333332,3.2483073749999996
2025-01-01,25428.416666666668,5.744276958333335
2025-01-02,31568.1875,10.980121375
2025-01-03,33567.666666666664,9.307311104166667
2025-01-04,32383.458333333332,11.3470035
2025-01-05,30737.354166666668,11.832270895833334
2025-01-06,33264.291666666664,10.266785208333332
2025-01-07,35212.895833333336,10.27975
2025-01-08,37574.104166666664,61.0021904583333
2025-01-09,37397.395833333336,9.5666955
2025-01-10,37982.958333333336,10.75608025
2025-01-11,35002.375,11.858412791666668
2025-01-12,33482.229166666664,11.287175604166666
2025-01-13,34414.333333333336,9.822716145833335
2025-01-14,34203.333333333336,9.237653020833333
2025-01-15,33223.645833333336,10.304935979166668
2025-01-16,33553.3125,12.023568416666667
2025-01-17,33305.5,11.817524916666667
2025-01-18,32157.770833333332,10.28008375
2025-01-19,32943.1875,11.165732770833333
2025-01-20,35467.125,14.517216520833333
2025-01-21,35305.416666666664,11.8711226875
2025-01-22,35760.833333333336,11.896629
2025-01-23,34500.875,11.6701205
2025-01-24,30776.708333333332,8.412265875
2025-01-25,28926.520833333332,7.5981844583333356
2025-01-26,30080.229166666668,9.500360395833333
2025-01-27,31941.270833333332,7.6979131458333345
2025-01-28,32697.229166666668,7.551958541666666
2025-01-29,32996.395833333336,11.13508391666667
2025-01-30,32867.041666666664,11.60911814583333
2025-01-31,33665.583333333336,13.6071813125
2025-02-01,30295.979166666668,11.190949791666666
2025-02-02,28781.1875,11.466627145833334
2025-02-03,32138.25,11.002572854166667
2025-02-04,31266.020833333332,11.911719895833333
2025-02-05,33012.083333333336,12.626234979166666
2025-02-06,33655.270833333336,12.083415687499999
2025-02-07,33651.541666666664,12.542729333333332
2025-02-08,32334.666666666668,13.486242604166666
2025-02-09,30548.916666666668,11.552628604166667
2025-02-10,34475.770833333336,11.661729583333333
2025-02-11,35507.458333333336,13.528266375000001
2025-02-12,35462.270833333336,13.129729125
2025-02-13,35390.041666666664,13.023708333333335
2025-02-14,34127.041666666664,9.5408085
2025-02-15,32454.020833333332,11.407666458333333
2025-02-16,30900.479166666668,8.747132875
2025-02-17,33901.395833333336,10.453770833333333
2025-02-18,33231.145833333336,9.820645625000001
2025-02-19,33853.625,9.990919062500002
2025-02-20,30210.375,7.466586333333334
2025-02-21,28174.0625,5.016976625
2025-02-22,25736.520833333332,5.083873666666666
2025-02-23,25997.9375,4.181498333333335
2025-02-24,28372.479166666668,5.379472458333334
2025-02-25,29579.166666666668,8.841044479166666
2025-02-26,32072.208333333332,10.6043285
2025-02-27,30890.708333333332,9.064122625
2025-02-28,30948.125,10.014154833333334
2025-03-01,27907.583333333332,9.1643094375
2025-03-02,26875.75,10.630015833333333
2025-03-03,29930.833333333332,9.2687775
2025-03-04,28832.520833333332,7.8318336041666665
2025-03-05,28011.0625,6.766517020833334
2025-03-06,27560.854166666668,9.357694895833335
2025-03-07,28617.625,9.172012437499998
2025-03-08,24021.083333333332,8.70491625
2025-03-09,23949.645833333332,8.942492395833332
2025-03-10,28392.875,7.5767561458333335
2025-03-11,29450.020833333332,8.500097624999999
2025-03-12,30448.895833333332,9.054934916666667
2025-03-13,31569.979166666668,9.481266645833333
2025-03-14,31227.5,10.466655729166666
2025-03-15,27986.1875,8.768880291666665
2025-03-16,27917.416666666668,9.816355374999999
2025-03-17,31702.4375,10.634726125
2025-03-18,28437.8125,9.031880875
2025-03-19,29404.479166666668,12.485712395833335
2025-03-20,27158.8125,11.2189216875
2025-03-21,26754.291666666668,10.3133991875
2025-03-22,25486.895833333332,9.607421895833333
2025-03-23,25949.333333333332,10.968613645833333
2025-03-24,27702.0,9.363510625
2025-03-25,28484.3125,8.610253145833333
2025-03-26,26989.604166666668,8.872249208333333
2025-03-27,26108.3125,7.9753297708333335
2025-03-28,24557.520833333332,4.670764020833333
2025-03-29,22868.208333333332,5.3550083125
2025-03-30,20736.760869565216,0.9780041521739123
2025-03-31,25820.854166666668,9.061928291666666
2025-04-01,24444.604166666668,5.3164316875
2025-04-02,24003.020833333332,5.5848539583333325
2025-04-03,24389.9375,10.770458187500001
2025-04-04,23854.583333333332,7.247443104166666
2025-04-05,20528.395833333332,2.7045935416666667
2025-04-06,21023.395833333332,3.242499291666667
2025-04-07,24756.0,8.854317145833333
2025-04-08,25483.4375,8.937608145833334
2025-04-09,25933.8125,8.92723925
2025-04-10,25047.041666666668,7.067769458333333
2025-04-11,23644.333333333332,7.404399645833334
2025-04-12,21950.541666666668,6.407271312500001
2025-04-13,21757.0625,5.3082552708333335
2025-04-14,24547.729166666668,7.680445000000001
2025-04-15,27255.083333333332,8.800526166666668
2025-04-16,24332.895833333332,7.328448520833334
2025-04-17,24419.729166666668,8.483399520833334
2025-04-18,23139.375,9.083532208333335
2025-04-19,20978.9375,6.4458454583333324
2025-04-20,20815.625,9.462489479166667
2025-04-21,23767.458333333332,9.395250916666667
2025-04-22,24288.1875,7.706064645833334
2025-04-23,26100.791666666668,8.029043645833333
2025-04-24,25382.375,7.3577414375000005
2025-04-25,24788.833333333332,8.602979166666668
2025-04-26,22618.0,8.264770833333333
2025-04-27,19944.1875,3.8646542708333316
2025-04-28,22853.25,9.17765975
2025-04-29,23015.0,9.444171916666667
2025-04-30,22931.229166666668,8.357846499999999
2025-05-01,23364.666666666668,7.0010355833333335
2025-05-02,22247.458333333332,7.366724562500001
2025-05-03,19626.875,5.378001104166667
2025-05-04,20133.208333333332,1.735659770833334
2025-05-05,21759.166666666668,7.0927366041666655
2025-05-06,24568.875,7.8208156041666665
2025-05-07,24130.270833333332,9.119481145833333
2025-05-08,24806.645833333332,10.198583020833333
2025-05-09,22468.541666666668,10.824380125000001
2025-05-10,19402.75,7.315236979166667
2025-05-11,19681.916666666668,7.346458729166665
2025-05-12,22895.604166666668,9.212735479166668
2025-05-13,22178.9375,9.124691020833332
2025-05-14,21761.75,7.665083729166666
2025-05-15,23209.708333333332,9.484280041666667
2025-05-16,21498.0,6.301898062499999
2025-05-17,19789.5625,5.901231979166666
2025-05-18,19645.020833333332,7.449224229166665
2025-05-19,22973.645833333332,7.422266166666667
2025-05-20,22715.145833333332,8.39639425
2025-05-21,23198.229166666668,7.885751708333333
2025-05-22,23435.166666666668,9.338498229166666
2025-05-23,22265.979166666668,6.860405395833334
2025-05-24,20676.583333333332,2.8241747291666663
2025-05-25,16486.541666666668,0.9267853333333333
2025-05-26,19023.541666666668,2.8649480833333327
2025-05-27,23366.979166666668,7.177800875000003
2025-05-28,22451.458333333332,8.963730645833333
2025-05-29,21787.5625,3.4629821041666675
2025-05-30,21905.395833333332,7.108707333333333
2025-05-31,19448.25,5.822027958333333
2025-06-01,18343.4375,2.7044620416666665
2025-06-02,21211.979166666668,6.288355104166667
2025-06-03,21327.6875,0.18516891666666646
2025-06-04,21332.0625,3.4662987291666667
2025-06-05,24513.520833333332,8.973726541666668
2025-06-06,22180.020833333332,9.1340744375
2025-06-07,21686.208333333332,10.594053041666665
2025-06-08,19681.3125,4.127118729166668
2025-06-09,23284.583333333332,8.516652270833333
2025-06-10,22386.625,4.955173625
2025-06-11,22344.708333333332,9.001402895833333
2025-06-12,23340.833333333332,8.161834229166667
2025-06-13,22268.0625,7.914235666666667
2025-06-14,19940.791666666668,7.740062
2025-06-15,19021.125,6.115733958333335
2025-06-16,22157.833333333332,8.57343595833333
2025-06-17,22209.104166666668,7.557868520833333
2025-06-18,23095.979166666668,11.603451333333334
2025-06-19,23463.333333333332,11.0344350625
2025-06-20,23654.291666666668,10.553132083333335
2025-06-21,21978.4375,9.436757583333334
2025-06-22,19397.770833333332,1.6271637083333346
2025-06-23,20495.083333333332,3.7108555416666666
2025-06-24,23105.979166666668,7.361444145833336
2025-06-25,24635.458333333332,9.843678770833334
2025-06-26,22336.520833333332,4.9122453125
2025-06-27,21313.979166666668,5.313952645833334
2025-06-28,19620.833333333332,0.16916635416666637
2025-06-29,21375.166666666668,6.5417247708333335
2025-06-30,23721.0,12.241976416666668
2025-07-01,25870.395833333332,9.176077541666668
2025-07-02,24086.666666666668,7.883127520833332
2025-07-03,22122.479166666668,8.646344000000001
2025-07-04,20529.708333333332,5.041203187500001
2025-07-05,19776.395833333332,1.5876339791666692
2025-07-06,20945.0,9.606517083333333
2025-07-07,21301.145833333332,6.829219333333333
2025-07-08,21799.020833333332,7.365140374999998
2025-07-09,23270.0,7.7676868125
2025-07-10,23703.895833333332,8.240922958333332
2025-07-11,23675.416666666668,8.2669733125
2025-07-12,20616.916666666668,7.965428041666667
2025-07-13,20567.645833333332,7.863198479166667
2025-07-14,22783.270833333332,7.604559979166666
2025-07-15,22979.520833333332,9.314749854166667
2025-07-16,23529.145833333332,8.695125270833334
2025-07-17,25215.0,8.517539958333334
2025-07-18,23987.25,9.177387979166665
2025-07-19,23063.875,8.684906187500001
2025-07-20,21401.041666666668,9.795974583333336
2025-07-21,23811.145833333332,7.109532937500001
2025-07-22,24057.8125,8.670279125
2025-07-23,23711.770833333332,9.065036729166668
2025-07-24,24076.645833333332,8.612637854166667
2025-07-25,22122.791666666668,7.91092675
2025-07-26,21109.8125,7.974398854166667
2025-07-27,20152.166666666668,8.29461775
2025-07-28,22265.708333333332,7.156915375
2025-07-29,23940.208333333332,7.480517083333334
2025-07-30,23110.583333333332,7.354169979166666
2025-07-31,23051.9375,7.791909250000001
2025-08-01,22297.1875,9.0138808125
2025-08-02,20056.791666666668,4.810292104166667
2025-08-03,19791.208333333332,5.280939375000001
2025-08-04,21814.0625,3.53830416666667
2025-08-05,19927.395833333332,2.773986249999998
2025-08-06,21658.645833333332,5.093108645833333
2025-08-07,22069.5625,5.054142020833334
2025-08-08,20696.020833333332,7.858820104166666
2025-08-09,18178.729166666668,4.373733208333335
2025-08-10,19170.958333333332,7.1362584374999996
2025-08-11,23669.875,8.744273020833333
2025-08-12,24048.8125,8.41354125
2025-08-13,24922.708333333332,10.043760270833335
2025-08-14,24519.791666666668,7.916834166666666
2025-08-15,23224.125,7.273053229166666
2025-08-16,21343.770833333332,8.704337729166667
2025-08-17,19131.604166666668,7.7359735625
2025-08-18,24199.9375,9.681091375
2025-08-19,24158.833333333332,7.547194916666666
2025-08-20,23807.895833333332,8.801881395833334
2025-08-21,23672.1875,6.768708041666668
2025-08-22,22926.4375,8.9084755625
2025-08-23,21435.020833333332,8.063426625
2025-08-24,20154.083333333332,8.422960416666667
2025-08-25,18960.645833333332,7.876280583333333
2025-08-26,22519.958333333332,10.420125270833333
2025-08-27,23172.8125,7.508334645833335
2025-08-28,22768.9375,7.266178895833333
2025-08-29,22892.833333333332,8.310159708333334
2025-08-30,20522.270833333332,4.113678104166667
2025-08-31,18349.125,3.6868083750000005
2025-09-01,21994.9375,4.358819229166667
2025-09-02,24420.520833333332,8.079837520833333
2025-09-03,24719.104166666668,9.908175437499999
2025-09-04,24408.25,7.740117666666667
2025-09-05,23144.104166666668,7.411888520833334
2025-09-06,20285.958333333332,1.6736927708333327
2025-09-07,20948.083333333332,2.958873375
2025-09-08,22647.0,8.529055166666666
2025-09-09,23234.479166666668,7.469427770833333
2025-09-10,24141.270833333332,5.048128833333334
2025-09-11,22585.708333333332,0.2377716041666666
2025-09-12,22032.3125,1.855428083333333
2025-09-13,20765.020833333332,3.2717416249999998
2025-09-14,22806.5625,7.7095101874999985
2025-09-15,22795.75,3.1998782916666655
2025-09-16,23598.833333333332,3.3330885624999977
2025-09-17,25406.145833333332,6.550308375
2025-09-18,24626.541666666668,7.745511708333334
2025-09-19,23779.1875,7.075429625000001
2025-09-20,23406.270833333332,7.159313249999999
2025-09-21,21372.625,3.9717346666666664
2025-09-22,24613.708333333332,7.164440583333334
2025-09-23,25750.291666666668,9.2128140625
2025-09-24,26044.583333333332,9.356259645833335
2025-09-25,24695.333333333332,8.857463166666665
2025-09-26,26408.583333333332,8.918013479166666
2025-09-27,23443.75,8.255186229166664
2025-09-28,23340.395833333332,9.57361575
2025-09-29,25941.291666666668,8.640982
2025-09-30,25519.208333333332,8.870446083333334
2025-10-01,26212.395833333332,9.067199958333333
2025-10-02,25543.1875,8.5631175625
2025-10-03,25236.645833333332,6.704359937500003
2025-10-04,21091.375,0.9560643541666668
2025-10-05,21174.0,4.0813823125
2025-10-06,24306.895833333332,8.660166874999998
2025-10-07,26258.145833333332,8.905834645833334
2025-10-08,26906.979166666668,9.304010625
2025-10-09,26132.083333333332,9.794179104166666
2025-10-10,27159.729166666668,8.796532541666666
2025-10-11,24890.604166666668,9.755245958333331
2025-10-12,25317.479166666668,11.745808895833335
2025-10-13,28377.541666666668,14.038606708333333
2025-10-14,29303.875,9.940980479166667
2025-10-15,29331.75,9.631026958333333
2025-10-16,29253.416666666668,8.270669520833334
2025-10-17,28784.6875,9.4996270625
2025-10-18,25586.020833333332,8.878607354166666
2025-10-19,24759.166666666668,7.120774604166668
2025-10-20,28411.666666666668,7.6250049375
2025-10-21,27476.291666666668,7.9408117083333325
2025-10-22,27880.4375,10.332715104166667
2025-10-23,28084.145833333332,7.383303645833334
2025-10-24,27009.270833333332,3.605294250000001
2025-10-25,24197.729166666668,2.4958675208333325
2025-10-26,25347.270833333332,2.87984194
2025-10-27,27044.48,5.643852708333332
2025-10-28,26729.916666666668,5.0999118125
2025-10-29,29372.083333333332,6.365283604166666
2025-10-30,29105.583333333332,7.9214049583333335
2025-10-31,26626.333333333332,5.196532208333335
